{
    "properties": {
        "_id": {
            "bsonType": "objectId"
        },
        "current": {
            "bsonType": "long"
        },
        "device_id": {
            "bsonType": "string"
        },
        "measurements": {
            "bsonType": "array",
            "items": {
                "bsonType": "object",
                "properties": {
                    "current": {
                        "bsonType": "long"
                    },
                    "ts": {
                        "bsonType": "string"
                    },
                    "voltage": {
                        "bsonType": "long"
                    }
                },
                "required": [],
                "title": "Measurement"
            }
        },
        "sn": {
            "bsonType": "string"
        },
        "timestamp": {
            "bsonType": "date"
        },
        "value": {
            "bsonType": "int"
        },
        "voltage": {
            "bsonType": "long"
        }
    },
    "required": [
        "_id",
        "timestamp",
        "value",
        "device_id",
        "sn",
        "voltage",
        "current"
    ],
    "title": "Sensor"
}
