{
    "bsonType": "object",
    "properties": {
        "_id": {
            "bsonType": "objectId"
        },
        "batteries": {
            "bsonType": "array",
            "items": {
                "bsonType": "object",
                "properties": {
                    "capacity": {
                        "bsonType": "long"
                    },
                    "current": {
                        "bsonType": "long"
                    },
                    "sn": {
                        "bsonType": "string"
                    },
                    "voltage": {
                        "bsonType": "long"
                    }
                },
                "required": [],
                "title": "Battery"
            }
        },
        "battery": {
            "bsonType": "object",
            "properties": {
                "capacity": {
                    "bsonType": "long"
                },
                "current": {
                    "bsonType": "long"
                },
                "sn": {
                    "bsonType": "string"
                },
                "voltage": {
                    "bsonType": "long"
                }
            },
            "required": [],
            "title": "Battery"
        },
        "commands": {
            "bsonType": "array",
            "items": {
                "bsonType": "objectId"
            }
        },
        "components": {
            "bsonType": "array",
            "items": {
                "bsonType": "objectId"
            }
        },
        "device_id": {
            "bsonType": "string"
        },
        "flexibleData": {
            "additionalProperties": {
                "bsonType": "mixed"
            },
            "bsonType": "object"
        },
        "isOn": {
            "bsonType": "bool"
        },
        "mixedTypes": {
            "bsonType": "mixed"
        },
        "name": {
            "bsonType": "string"
        },
        "vin": {
            "bsonType": "string"
        }
    },
    "required": [
        "_id",
        "name",
        "device_id",
        "vin",
        "isOn"
    ],
    "title": "Vehicle"
}
