{
    "name": "publish_to_eventbridge",
    "type": "DATABASE",
    "config": {
        "operation_types": [
            "INSERT"
        ],
        "database": "Digital-Twins",
        "collection": "Sensor",
        "service_name": "mongodb-atlas",
        "match": {},
        "project": {
            "operationType": {
                "$numberInt": "1"
            },
            "vin": "$fullDocument.device_id",
            "sn": "$fullDocument.sn",
            "read": {
                "$map": {
                    "input": "$fullDocument.measurements",
                    "as": "item",
                    "in": [
                        "$$item.ts",
                        "$$item.v",
                        "$$item.c"
                    ]
                }
            }
        },
        "full_document": false,
        "full_document_before_change": false,
        "unordered": true,
        "skip_catchup_events": false
    },
    "disabled": true,
    "event_processors": {
        "AWS_EVENTBRIDGE": {
            "config": {
                "account_id": "979559056307",
                "extended_json_enabled": false,
                "region": "us-east-1"
            }
        }
    }
}
