{
    "bsonType": "object",
    "properties": {
        "_id": {
            "bsonType": "objectId"
        },
        "battery": {
            "bsonType": "object",
            "properties": {
                "capacity": {
                    "bsonType": "long"
                },
                "current": {
                    "bsonType": "long"
                },
                "sn": {
                    "bsonType": "string"
                },
                "voltage": {
                    "bsonType": "long"
                }
            },
            "required": [],
            "title": "Battery"
        },
        "commands": {
            "bsonType": "array",
            "items": {
                "bsonType": "objectId"
            }
        },
        "components": {
            "bsonType": "array",
            "items": {
                "bsonType": "objectId"
            }
        },
        "current": {
            "bsonType": "long"
        },
        "device_id": {
            "bsonType": "string"
        },
        "flexibleData": {
            "additionalProperties": {
                "bsonType": "mixed"
            },
            "bsonType": "object"
        },
        "isOn": {
            "bsonType": "bool"
        },
        "mixedTypes": {
            "bsonType": "mixed"
        },
        "name": {
            "bsonType": "string"
        },
        "sensor": {
            "bsonType": "long"
        },
        "voltage": {
            "bsonType": "long"
        }
    },
    "required": [
        "_id",
        "name",
        "isOn",
        "device_id"
    ],
    "title": "Device"
}
