{
    "anon-user": {
        "name": "anon-user",
        "type": "anon-user",
        "disabled": false
    },
    "api-key": {
        "name": "api-key",
        "type": "api-key",
        "disabled": false
    },
    "local-userpass": {
        "name": "local-userpass",
        "type": "local-userpass",
        "config": {
            "autoConfirm": true,
            "resetPasswordSubject": "https://sample.com",
            "resetPasswordUrl": "https://sample.com",
            "runConfirmationFunction": false,
            "runResetFunction": false
        },
        "disabled": false
    }
}
